,driver1,driver2
0,Sergio Perez,Juan Pablo Montoya
1,Max Verstappen,Ralf Schumacher
2,Charles Leclerc,Paul di Resta
3,Carlos Sainz,Rubens Barrichello
4,Charles Leclerc,Heinz-Harald Frentzen
5,Fernando Alonso,Vitantonio Liuzzi
6,Valtteri Bottas,Johnny Herbert
7,George Russell,Karun Chandhok
8,Guanyu Zhou,Jacques Villeneuve
9,Daniel Ricciardo,Sergey Sirotkin
10,George Russell,Jarno Trulli
11,Daniel Ricciardo,Marcus Ericsson
12,Pierre Gasly,Esteban Gutierrez
13,Charles Leclerc,Scott Speed
14,Charles Leclerc,Nico Hulkenberg
15,Lando Norris,Mark Webber
16,Lance Stroll,Juan Pablo Montoya
17,Nico Hulkenberg,Nelson Piquet
18,Fernando Alonso,Marcus Ericsson
19,Fernando Alonso,Nelson Piquet
20,Valtteri Bottas,Jan Magnussen
21,Lewis Hamilton,Alexander Albon
22,Esteban Ocon,Jolyon Palmer
23,Fernando Alonso,Jean-Eric Vergne
24,Carlos Sainz,Narain Karthikeyan
25,Lance Stroll,Valtteri Bottas
26,Fernando Alonso,Heinz-Harald Frentzen
27,Fernando Alonso,Timo Glock
28,Nico Hulkenberg,Nelson Piquet Jr.
29,Lewis Hamilton,Robert Kubica
30,Carlos Sainz,Antonio Giovinazzi
31,Max Verstappen,Vitantonio Liuzzi
32,Sergio Perez,Vitantonio Liuzzi
33,George Russell,Alexander Albon
34,Max Verstappen,Jolyon Palmer
35,Max Verstappen,David Coulthard
36,Carlos Sainz,Martin Brundle
37,Esteban Ocon,Scott Speed
38,George Russell,Sebastian Vettel
39,Pierre Gasly,Pascal Wehrlein
40,Sergio Perez,Nico Rosberg
41,Yuki Tsunoda,Jack Aitken
42,Lance Stroll,Pastor Maldonado
43,Valtteri Bottas,Pedro de la Rosa
44,Carlos Sainz,Nyck de Vries
45,Pierre Gasly,Jean-Eric Vergne
46,Fernando Alonso,Pierre Gasly
47,Nico Hulkenberg,Sergey Sirotkin
48,Esteban Ocon,Takuma Sato
49,Alexander Albon,Daniel Ricciardo
50,Esteban Ocon,Heikki Kovalainen
51,Lance Stroll,Pedro de la Rosa
52,Lance Stroll,Riccardo Patrese
53,Alexander Albon,Narain Karthikeyan
54,Sergio Perez,Giancarlo Fisichella
55,Daniel Ricciardo,Eddie Irvine
56,Lance Stroll,Martin Brundle
57,Lewis Hamilton,Ralf Schumacher
58,Lance Stroll,Pietro Fittipaldi
59,Sergio Perez,Jarno Trulli
60,Valtteri Bottas,Nelson Piquet
61,Charles Leclerc,Brendon Hartley
62,Lance Stroll,Guanyu Zhou
63,Sergio Perez,Valtteri Bottas
64,Valtteri Bottas,Ralf Schumacher
65,Lance Stroll,Mick Schumacher
66,Charles Leclerc,Alexander Albon
67,Nico Hulkenberg,Romain Grosjean
68,Esteban Ocon,Jacques Villeneuve
69,George Russell,Ralf Schumacher
70,Carlos Sainz,Esteban Ocon
71,Charles Leclerc,Esteban Ocon
72,Lance Stroll,Alexander Wurz
73,Nico Hulkenberg,Narain Karthikeyan
74,Sergio Perez,Roberto Merhi
75,Nico Hulkenberg,Michael Schumacher
76,Pierre Gasly,Nicholas Latifi
77,Daniel Ricciardo,Jacques Villeneuve
78,Lance Stroll,Nick Heidfeld
79,Valtteri Bottas,Jack Aitken
80,Valtteri Bottas,Timo Glock
81,Max Verstappen,Takuma Sato
82,Sergio Perez,Takuma Sato
83,Pierre Gasly,Daniel Ricciardo
84,George Russell,Yuki Tsunoda
85,Lance Stroll,Takuma Sato
86,Esteban Ocon,Vitantonio Liuzzi
87,Oscar Piastri,Sebastian Vettel
88,Esteban Ocon,Jarno Trulli
89,Guanyu Zhou,Robert Kubica
90,Fernando Alonso,Bruno Senna
91,Esteban Ocon,Jerome d'Ambrosio
92,Lewis Hamilton,Pierre Gasly
93,Fernando Alonso,Jean Alesi
94,Fernando Alonso,Johnny Herbert
95,Max Verstappen,Lance Stroll
96,George Russell,Stoffel Vandoorne
97,Sergio Perez,Felipe Nasr
98,Fernando Alonso,Guanyu Zhou
99,Max Verstappen,Pedro de la Rosa
100,Esteban Ocon,Anthony Davidson
101,Pierre Gasly,Stoffel Vandoorne
102,Carlos Sainz,Esteban Gutierrez
103,Nico Hulkenberg,Felipe Massa
104,George Russell,Takuma Sato
105,George Russell,Lance Stroll
106,Fernando Alonso,Adrian Sutil
107,Lewis Hamilton,Pascal Wehrlein
108,Guanyu Zhou,Giancarlo Fisichella
109,Esteban Ocon,Jean-Eric Vergne
110,Charles Leclerc,Jean-Eric Vergne
111,Nico Hulkenberg,Andrea de Cesaris
112,Daniel Ricciardo,Jarno Trulli
113,Carlos Sainz,Jolyon Palmer
114,Carlos Sainz,Fernando Alonso
115,Nico Hulkenberg,Sebastian Vettel
116,Charles Leclerc,Yuki Tsunoda
117,Lewis Hamilton,Guanyu Zhou
118,Lewis Hamilton,Jos Verstappen
119,Fernando Alonso,Pietro Fittipaldi
120,Max Verstappen,Sebastien Bourdais
121,Daniel Ricciardo,Timo Glock
122,George Russell,Antonio Giovinazzi
123,Lewis Hamilton,Antonio Giovinazzi
124,Valtteri Bottas,Sebastian Vettel
125,Carlos Sainz,Sergey Sirotkin
126,Valtteri Bottas,Nicholas Latifi
127,Sergio Perez,Pietro Fittipaldi
128,Lance Stroll,Lando Norris
129,Charles Leclerc,Oscar Piastri
130,Lance Stroll,Jolyon Palmer
131,Guanyu Zhou,Felipe Massa
132,Nico Hulkenberg,Nico Rosberg
133,Lance Stroll,Jean-Eric Vergne
134,Esteban Ocon,Ralf Schumacher
135,Daniel Ricciardo,Robert Kubica
136,Daniel Ricciardo,Pascal Wehrlein
137,Nico Hulkenberg,Heikki Kovalainen
138,Fernando Alonso,Ralf Schumacher
139,Daniel Ricciardo,Mick Schumacher
140,George Russell,Esteban Ocon
141,Lando Norris,Sebastien Bourdais
142,Lewis Hamilton,Stoffel Vandoorne
143,Max Verstappen,Anthony Davidson
144,Valtteri Bottas,Giancarlo Fisichella
145,Daniel Ricciardo,Jerome d'Ambrosio
146,Esteban Ocon,Nick Heidfeld
147,Fernando Alonso,Eddie Irvine
148,Fernando Alonso,Riccardo Patrese
149,Charles Leclerc,Kimi Raikkonen
150,Nico Hulkenberg,Pedro de la Rosa
151,Nico Hulkenberg,Bruno Senna
152,Esteban Ocon,Paul di Resta
153,Sergio Perez,Ralf Schumacher
154,Max Verstappen,Charles Leclerc
155,Lewis Hamilton,Jack Aitken
156,Max Verstappen,Jean-Eric Vergne
157,Carlos Sainz,Oscar Piastri
158,Sergio Perez,Charles Leclerc
159,Nico Hulkenberg,Giancarlo Fisichella
160,Max Verstappen,Esteban Ocon
161,Lewis Hamilton,Nyck de Vries
162,Charles Leclerc,Felipe Nasr
163,Max Verstappen,Nico Hulkenberg
164,Charles Leclerc,Jean Alesi
165,Guanyu Zhou,Nico Rosberg
166,Lance Stroll,Narain Karthikeyan
167,George Russell,Nick Heidfeld
168,Lando Norris,David Coulthard
169,Lewis Hamilton,Juan Pablo Montoya
170,Lewis Hamilton,Bruno Senna
171,Guanyu Zhou,Kimi Raikkonen
172,Lance Stroll,Marcus Ericsson
173,Max Verstappen,Yuki Tsunoda
174,Valtteri Bottas,Jos Verstappen
175,Esteban Ocon,Alexander Wurz
176,Nico Hulkenberg,Jean Alesi
177,Carlos Sainz,Jan Magnussen
178,Carlos Sainz,Jenson Button
179,George Russell,Kimi Raikkonen
180,Lewis Hamilton,Kamui Kobayashi
181,Daniel Ricciardo,Pietro Fittipaldi
182,Daniel Ricciardo,Kamui Kobayashi
183,Charles Leclerc,Jacques Villeneuve
184,Carlos Sainz,Felipe Nasr
185,Sergio Perez,Eddie Irvine
186,Valtteri Bottas,Michael Schumacher
187,Fernando Alonso,Nick Heidfeld
188,Fernando Alonso,Jan Magnussen
189,Nico Hulkenberg,Olivier Panis
190,Charles Leclerc,Adrian Sutil
191,Sergio Perez,Sebastian Vettel
192,Nico Hulkenberg,Mick Schumacher
193,Max Verstappen,Sebastian Vettel
194,Sergio Perez,Carlos Sainz
195,Fernando Alonso,Sebastian Vettel
196,Sergio Perez,Nelson Piquet Jr.
197,Charles Leclerc,Pascal Wehrlein
198,Lewis Hamilton,Riccardo Patrese
199,Valtteri Bottas,Antonio Giovinazzi
200,Lewis Hamilton,Jacques Villeneuve
201,Valtteri Bottas,Eddie Irvine
202,Lance Stroll,Alexander Albon
203,Max Verstappen,Paul di Resta
204,Nico Hulkenberg,Jean-Eric Vergne
205,Sergio Perez,Sebastien Bourdais
206,Valtteri Bottas,Esteban Gutierrez
207,Fernando Alonso,Michael Schumacher
208,Esteban Ocon,Nico Rosberg
209,Daniel Ricciardo,Michael Schumacher
210,Sergio Perez,Mick Schumacher
211,Carlos Sainz,Brendon Hartley
212,Carlos Sainz,Adrian Sutil
213,Lance Stroll,Nelson Piquet
214,Valtteri Bottas,Damon Hill
215,Max Verstappen,Rubens Barrichello
216,Max Verstappen,Kamui Kobayashi
217,Carlos Sainz,Vitantonio Liuzzi
218,Nico Hulkenberg,Jan Magnussen
219,Lance Stroll,Mark Webber
220,Lance Stroll,Pascal Wehrlein
221,Max Verstappen,Mark Webber
222,Esteban Ocon,Stoffel Vandoorne
223,Max Verstappen,Jarno Trulli
224,Fernando Alonso,Rubens Barrichello
225,Pierre Gasly,Jacques Villeneuve
226,Esteban Ocon,Antonio Giovinazzi
227,Lando Norris,Pascal Wehrlein
228,Lewis Hamilton,Nico Hulkenberg
229,Pierre Gasly,Kamui Kobayashi
230,Alexander Albon,Jenson Button
231,Lewis Hamilton,Andrea de Cesaris
232,Sergio Perez,Pascal Wehrlein
233,Lando Norris,Kimi Raikkonen
234,Daniel Ricciardo,Johnny Herbert
235,Carlos Sainz,Pascal Wehrlein
236,Alexander Albon,Jean-Eric Vergne
237,Lando Norris,Scott Speed
238,Charles Leclerc,Pedro de la Rosa
239,Daniel Ricciardo,David Coulthard
240,Fernando Alonso,Heikki Kovalainen
241,Lance Stroll,Vitaly Petrov
242,Nico Hulkenberg,Adrian Sutil
243,Nico Hulkenberg,Ralf Schumacher
244,Valtteri Bottas,Sergey Sirotkin
245,Daniel Ricciardo,Stoffel Vandoorne
246,Sergio Perez,Nicholas Latifi
247,Carlos Sainz,Felipe Massa
248,Pierre Gasly,Narain Karthikeyan
249,Lance Stroll,Jan Magnussen
250,George Russell,Kamui Kobayashi
251,Pierre Gasly,Vitantonio Liuzzi
252,Nico Hulkenberg,Martin Brundle
253,Nico Hulkenberg,Will Stevens
254,George Russell,Romain Grosjean
255,Oscar Piastri,Daniil Kvyat
256,Carlos Sainz,Michael Schumacher
257,Pierre Gasly,Rubens Barrichello
258,Valtteri Bottas,Vitaly Petrov
259,Daniel Ricciardo,Pedro de la Rosa
260,Lando Norris,Jolyon Palmer
261,Lance Stroll,Heinz-Harald Frentzen
262,Guanyu Zhou,Bruno Senna
263,Oscar Piastri,Jean-Eric Vergne
264,Max Verstappen,Oscar Piastri
265,Charles Leclerc,Sergey Sirotkin
266,Lance Stroll,Sebastien Buemi
267,Yuki Tsunoda,Daniil Kvyat
268,Carlos Sainz,Kamui Kobayashi
269,Fernando Alonso,Esteban Gutierrez
270,Sergio Perez,Timo Glock
271,Lewis Hamilton,Nicholas Latifi
272,Daniel Ricciardo,Martin Brundle
273,Charles Leclerc,Sebastien Bourdais
274,Valtteri Bottas,Andrea de Cesaris
275,Lance Stroll,Christian Klien
276,Guanyu Zhou,Rubens Barrichello
277,Lance Stroll,Scott Speed
278,Sergio Perez,Johnny Herbert
279,George Russell,Felipe Massa
280,Valtteri Bottas,Jerome d'Ambrosio
281,Carlos Sainz,Eddie Irvine
282,Lewis Hamilton,Martin Brundle
283,Fernando Alonso,Vitaly Petrov
284,Esteban Ocon,Rubens Barrichello
285,Charles Leclerc,Will Stevens
286,Fernando Alonso,Yuki Tsunoda
287,Sergio Perez,Andrea de Cesaris
288,Nico Hulkenberg,Daniil Kvyat
289,Nico Hulkenberg,Nikita Mazepin
290,Lewis Hamilton,Christian Klien
291,Fernando Alonso,Alain Prost
292,Nico Hulkenberg,Jos Verstappen
293,Fernando Alonso,Alexander Wurz
294,Sergio Perez,Daniil Kvyat
295,Daniel Ricciardo,Pastor Maldonado
296,Lando Norris,Nico Hulkenberg
297,Nico Hulkenberg,Pastor Maldonado
298,Lance Stroll,Romain Grosjean
299,Max Verstappen,Lewis Hamilton
300,Alexander Albon,Robert Kubica
301,Daniel Ricciardo,Nicholas Latifi
302,Fernando Alonso,Gerhard Berger
303,Esteban Ocon,Jenson Button
304,Fernando Alonso,Jos Verstappen
305,Fernando Alonso,Mika Hakkinen
306,Charles Leclerc,Narain Karthikeyan
307,Sergio Perez,Jean-Eric Vergne
308,Nico Hulkenberg,Gerhard Berger
309,Fernando Alonso,Mark Webber
310,Daniel Ricciardo,Alexander Wurz
311,Sergio Perez,Rubens Barrichello
312,Daniel Ricciardo,Giancarlo Fisichella
313,Esteban Ocon,Giancarlo Fisichella
314,Fernando Alonso,Daniel Ricciardo
315,Alexander Albon,Jack Aitken
316,Valtteri Bottas,Nelson Piquet Jr.
317,Fernando Alonso,Andrea de Cesaris
318,Oscar Piastri,Nico Hulkenberg
319,Daniel Ricciardo,Mika Hakkinen
320,Fernando Alonso,Lando Norris
321,Lando Norris,Narain Karthikeyan
322,Lance Stroll,Stoffel Vandoorne
323,Pierre Gasly,Felipe Massa
324,Yuki Tsunoda,Jean-Eric Vergne
325,Nico Hulkenberg,Eddie Irvine
326,Pierre Gasly,Marcus Ericsson
327,Carlos Sainz,Andrea de Cesaris
328,Lance Stroll,Michael Schumacher
329,Fernando Alonso,Antonio Giovinazzi
330,Fernando Alonso,Jerome d'Ambrosio
331,Esteban Ocon,Sebastien Bourdais
332,Lando Norris,Brendon Hartley
333,Fernando Alonso,Nico Rosberg
334,George Russell,Jean Alesi
335,Pierre Gasly,Romain Grosjean
336,Esteban Ocon,Nyck de Vries
337,George Russell,Jenson Button
338,Esteban Ocon,Kamui Kobayashi
339,Valtteri Bottas,Christian Klien
340,Fernando Alonso,Pascal Wehrlein
341,Lance Stroll,Jenson Button
342,Daniel Ricciardo,Jan Magnussen
343,Fernando Alonso,Robert Kubica
344,Valtteri Bottas,Jean Alesi
345,Valtteri Bottas,Nico Rosberg
346,Nico Hulkenberg,Heinz-Harald Frentzen
347,Valtteri Bottas,Kamui Kobayashi
348,Sergio Perez,Pierre Gasly
349,Max Verstappen,Jacques Villeneuve
350,Carlos Sainz,Jos Verstappen
351,Alexander Albon,Valtteri Bottas
352,Nico Hulkenberg,Vitantonio Liuzzi
353,Pierre Gasly,Kimi Raikkonen
354,Fernando Alonso,Nicholas Latifi
355,Sergio Perez,Sergey Sirotkin
356,George Russell,Anthony Davidson
357,Sergio Perez,Yuki Tsunoda
358,Pierre Gasly,Jolyon Palmer
359,Alexander Albon,Nico Hulkenberg
360,Lando Norris,Yuki Tsunoda
361,Fernando Alonso,Jolyon Palmer
362,Lewis Hamilton,Olivier Panis
363,Nico Hulkenberg,Yuki Tsunoda
364,Esteban Ocon,Narain Karthikeyan
365,Max Verstappen,Marcus Ericsson
366,Daniel Ricciardo,Andrea de Cesaris
367,Daniel Ricciardo,Scott Speed
368,Charles Leclerc,Kamui Kobayashi
369,Alexander Albon,Brendon Hartley
370,Esteban Ocon,Oscar Piastri
371,Max Verstappen,Nicholas Latifi
372,Charles Leclerc,Vitantonio Liuzzi
373,Lewis Hamilton,Nelson Piquet Jr.
374,Lance Stroll,David Coulthard
375,Carlos Sainz,Jean-Eric Vergne
376,Oscar Piastri,Narain Karthikeyan
377,Lance Stroll,Johnny Herbert
378,Carlos Sainz,Sebastian Vettel
379,Nico Hulkenberg,David Coulthard
380,Lando Norris,Alexander Albon
381,Valtteri Bottas,Stoffel Vandoorne
382,Sergio Perez,Jan Magnussen
383,Max Verstappen,Pascal Wehrlein
384,Esteban Ocon,Alexander Albon
385,Pierre Gasly,Sebastian Vettel
386,Fernando Alonso,Christian Klien
387,Valtteri Bottas,Mark Webber
388,Fernando Alonso,Anthony Davidson
389,Lance Stroll,Adrian Sutil
390,Charles Leclerc,Lance Stroll
391,Lewis Hamilton,Heinz-Harald Frentzen
392,Lewis Hamilton,Jan Magnussen
393,Nico Hulkenberg,Sebastien Bourdais
394,Pierre Gasly,Paul di Resta
395,Charles Leclerc,Juan Pablo Montoya
396,Esteban Ocon,Timo Glock
397,Lewis Hamilton,Pastor Maldonado
398,Carlos Sainz,Kimi Raikkonen
399,Daniel Ricciardo,Christian Klien
400,Esteban Ocon,Pastor Maldonado
401,Sergio Perez,Heinz-Harald Frentzen
402,Fernando Alonso,Sebastien Bourdais
403,Daniel Ricciardo,Jolyon Palmer
404,Daniel Ricciardo,Felipe Massa
405,Daniel Ricciardo,Paul di Resta
406,Sergio Perez,Pedro de la Rosa
407,Daniel Ricciardo,Nico Rosberg
408,Daniel Ricciardo,Rubens Barrichello
409,Lando Norris,Esteban Gutierrez
410,Daniel Ricciardo,Kimi Raikkonen
411,Nico Hulkenberg,Takuma Sato
412,Pierre Gasly,Jarno Trulli
413,Alexander Albon,Nyck de Vries
414,Lance Stroll,Esteban Gutierrez
415,Esteban Ocon,Romain Grosjean
416,Lance Stroll,Sebastien Bourdais
417,Max Verstappen,Stoffel Vandoorne
418,Nico Hulkenberg,Michele Alboreto
419,Nico Hulkenberg,Jenson Button
420,Pierre Gasly,Lando Norris
421,Fernando Alonso,Kamui Kobayashi
422,Fernando Alonso,Sergey Sirotkin
423,Lewis Hamilton,Timo Glock
424,Nico Hulkenberg,Valtteri Bottas
425,Yuki Tsunoda,Brendon Hartley
426,Pierre Gasly,Nelson Piquet Jr.
427,Guanyu Zhou,Romain Grosjean
428,Lando Norris,Rubens Barrichello
429,Nico Hulkenberg,Mika Hakkinen
430,Lewis Hamilton,Daniel Ricciardo
431,Lewis Hamilton,Pedro de la Rosa
432,Lance Stroll,Anthony Davidson
433,Daniel Ricciardo,Vitaly Petrov
434,Nico Hulkenberg,Jacques Villeneuve
435,Lance Stroll,Jos Verstappen
436,Sergio Perez,Esteban Gutierrez
437,Charles Leclerc,Daniil Kvyat
438,Nico Hulkenberg,Pietro Fittipaldi
439,Esteban Ocon,Felipe Massa
440,Lewis Hamilton,Jolyon Palmer
441,Valtteri Bottas,Adrian Sutil
442,Esteban Ocon,Will Stevens
443,Guanyu Zhou,Heikki Kovalainen
444,Valtteri Bottas,Alexander Wurz
445,Max Verstappen,Kimi Raikkonen
446,Fernando Alonso,Juan Pablo Montoya
447,Sergio Perez,Damon Hill
448,Nico Hulkenberg,Riccardo Patrese
449,Sergio Perez,Paul di Resta
450,Esteban Ocon,Daniil Kvyat
451,Max Verstappen,Giancarlo Fisichella
452,Sergio Perez,Will Stevens
453,Alexander Albon,Sebastian Vettel
454,Esteban Ocon,Heinz-Harald Frentzen
455,Max Verstappen,Nyck de Vries
456,Fernando Alonso,Nico Hulkenberg
457,George Russell,Michael Schumacher
458,Charles Leclerc,Romain Grosjean
459,Pierre Gasly,Nico Hulkenberg
460,Lando Norris,Sebastian Vettel
461,Sergio Perez,Lando Norris
462,Charles Leclerc,Daniel Ricciardo
463,Esteban Ocon,Jean Alesi
464,Pierre Gasly,Nyck de Vries
465,Sergio Perez,Martin Brundle
466,Valtteri Bottas,Jenson Button
467,Esteban Ocon,Damon Hill
468,Valtteri Bottas,Juan Pablo Montoya
469,Lando Norris,Daniil Kvyat
470,George Russell,Marcus Ericsson
471,Sergio Perez,Brendon Hartley
472,Fernando Alonso,Will Stevens
473,Lewis Hamilton,Nick Heidfeld
474,Sergio Perez,Lewis Hamilton
475,Lance Stroll,Antonio Giovinazzi
476,Lance Stroll,Olivier Panis
477,Max Verstappen,Adrian Sutil
478,Lewis Hamilton,Paul di Resta
479,Lewis Hamilton,Adrian Sutil
480,Pierre Gasly,Alexander Albon
481,Pierre Gasly,Giancarlo Fisichella
482,Daniel Ricciardo,Juan Pablo Montoya
483,Valtteri Bottas,Anthony Davidson
484,Max Verstappen,Lando Norris
485,Lance Stroll,Heikki Kovalainen
486,Nico Hulkenberg,Mark Webber
487,Lance Stroll,Eddie Irvine
488,Esteban Ocon,Nelson Piquet Jr.
489,Sergio Perez,Alexander Rossi
490,Lando Norris,Adrian Sutil
491,Guanyu Zhou,Michael Schumacher
492,Lewis Hamilton,Karun Chandhok
493,Lewis Hamilton,Jerome d'Ambrosio
494,Fernando Alonso,Nigel Mansell
495,Valtteri Bottas,Heikki Kovalainen
496,Lewis Hamilton,Esteban Gutierrez
497,Max Verstappen,Will Stevens
498,Esteban Ocon,David Coulthard
499,Lance Stroll,Jacques Villeneuve
500,George Russell,Timo Glock
501,Lance Stroll,Jerome d'Ambrosio
502,Charles Leclerc,Lando Norris
503,Alexander Albon,Vitantonio Liuzzi
504,Esteban Ocon,Pedro de la Rosa
505,Valtteri Bottas,Romain Grosjean
506,Max Verstappen,Felipe Massa
507,Lewis Hamilton,David Coulthard
508,George Russell,Nelson Piquet Jr.
509,Sergio Perez,Kimi Raikkonen
510,George Russell,Guanyu Zhou
511,Esteban Ocon,Valtteri Bottas
512,Nico Hulkenberg,Kimi Raikkonen
513,Carlos Sainz,Yuki Tsunoda
514,Charles Leclerc,Antonio Giovinazzi
515,Carlos Sainz,Paul di Resta
516,Lewis Hamilton,Vitaly Petrov
517,Daniel Ricciardo,Nelson Piquet Jr.
518,Sergio Perez,Mark Webber
519,Lance Stroll,Daniil Kvyat
520,Valtteri Bottas,Bruno Senna
521,Lance Stroll,Nelson Piquet Jr.
522,Sergio Perez,Heikki Kovalainen
523,Lewis Hamilton,Eddie Irvine
524,Valtteri Bottas,Olivier Panis
525,Lance Stroll,Vitantonio Liuzzi
526,Fernando Alonso,Lucas di Grassi
527,George Russell,Fernando Alonso
528,Sergio Perez,Antonio Giovinazzi
529,Nico Hulkenberg,Brendon Hartley
530,Lando Norris,Marcus Ericsson
531,George Russell,Daniil Kvyat
532,Sergio Perez,Vitaly Petrov
533,Lance Stroll,Andrea de Cesaris
534,Max Verstappen,Esteban Gutierrez
535,Oscar Piastri,Vitantonio Liuzzi
536,Fernando Alonso,Ayrton Senna
537,Carlos Sainz,Pietro Fittipaldi
538,Esteban Ocon,Nico Hulkenberg
539,George Russell,Jack Aitken
540,Fernando Alonso,Michele Alboreto
541,Valtteri Bottas,Robert Kubica
542,George Russell,Mark Webber
543,Sergio Perez,Jean Alesi
544,Sergio Perez,Romain Grosjean
545,George Russell,Alexander Wurz
546,Lewis Hamilton,Jarno Trulli
547,Lewis Hamilton,Takuma Sato
548,Lando Norris,Vitantonio Liuzzi
549,Carlos Sainz,Nick Heidfeld
550,Guanyu Zhou,Pastor Maldonado
551,Valtteri Bottas,Nyck de Vries
552,Charles Leclerc,Robert Kubica
553,Sergio Perez,Olivier Panis
554,Valtteri Bottas,Rubens Barrichello
555,Nico Hulkenberg,Jarno Trulli
556,Fernando Alonso,Daniil Kvyat
557,Lewis Hamilton,Romain Grosjean
558,Pierre Gasly,Jenson Button
559,Nico Hulkenberg,Scott Speed
560,Esteban Ocon,Marcus Ericsson
561,Charles Leclerc,Pierre Gasly
562,Max Verstappen,Jack Aitken
563,Valtteri Bottas,Jarno Trulli
564,Lance Stroll,Damon Hill
565,Charles Leclerc,Christian Klien
566,Carlos Sainz,Lance Stroll
567,Sergio Perez,Alexander Albon
568,Sergio Perez,George Russell
569,Carlos Sainz,Pastor Maldonado
570,Sergio Perez,Alexander Wurz
571,Lewis Hamilton,Lance Stroll
572,Max Verstappen,Nick Heidfeld
573,Esteban Ocon,Mark Webber
574,Valtteri Bottas,Paul di Resta
575,Esteban Ocon,Felipe Nasr
576,Charles Leclerc,Nico Rosberg
577,Lando Norris,Pedro de la Rosa
578,Sergio Perez,Marcus Ericsson
579,Lewis Hamilton,Felipe Massa
580,George Russell,Rubens Barrichello
581,Pierre Gasly,Oscar Piastri
582,Sergio Perez,Felipe Massa
583,Valtteri Bottas,Jacques Villeneuve
584,Max Verstappen,Scott Speed
585,Esteban Ocon,Sebastian Vettel
586,Daniel Ricciardo,Esteban Gutierrez
587,Lewis Hamilton,Giancarlo Fisichella
588,Daniel Ricciardo,Antonio Giovinazzi
589,Lando Norris,Jean-Eric Vergne
590,Daniel Ricciardo,Romain Grosjean
591,Yuki Tsunoda,Pascal Wehrlein
592,Nico Hulkenberg,Stoffel Vandoorne
593,Lewis Hamilton,Mark Webber
594,Lance Stroll,Giancarlo Fisichella
595,Charles Leclerc,Nick Heidfeld
596,Daniel Ricciardo,Heinz-Harald Frentzen
597,Lance Stroll,Pierre Gasly
598,Max Verstappen,George Russell
599,Lance Stroll,Robert Kubica
600,Lewis Hamilton,Michael Schumacher
601,Daniel Ricciardo,Adrian Sutil
602,Lance Stroll,Jarno Trulli
603,Carlos Sainz,Romain Grosjean
604,Oscar Piastri,Daniel Ricciardo
605,Fernando Alonso,Valtteri Bottas
606,Esteban Ocon,Lando Norris
607,Esteban Ocon,Brendon Hartley
608,Carlos Sainz,Mick Schumacher
609,George Russell,Bruno Senna
610,Lewis Hamilton,Nelson Piquet
611,Nico Hulkenberg,Marcus Ericsson
612,Lance Stroll,Nico Rosberg
613,Nico Hulkenberg,Anthony Davidson
614,Sergio Perez,Daniel Ricciardo
615,Daniel Ricciardo,Sebastien Buemi
616,Carlos Sainz,Mark Webber
617,Valtteri Bottas,Kimi Raikkonen
618,Max Verstappen,Narain Karthikeyan
619,Nico Hulkenberg,Kamui Kobayashi
620,Daniel Ricciardo,Brendon Hartley
621,George Russell,Heikki Kovalainen
622,Fernando Alonso,Olivier Panis
623,Nico Hulkenberg,Pascal Wehrlein
624,Sergio Perez,Adrian Sutil
625,Lando Norris,Paul di Resta
626,Nico Hulkenberg,Johnny Herbert
627,Lance Stroll,Kamui Kobayashi
628,Daniel Ricciardo,Nick Heidfeld
629,Max Verstappen,Fernando Alonso
630,Daniel Ricciardo,Damon Hill
631,Charles Leclerc,Mark Webber
632,Daniel Ricciardo,Yuki Tsunoda
633,Charles Leclerc,David Coulthard
634,Daniel Ricciardo,Jenson Button
635,Charles Leclerc,Timo Glock
636,Lewis Hamilton,Mick Schumacher
637,Lance Stroll,Esteban Ocon
638,Carlos Sainz,Johnny Herbert
639,Nico Hulkenberg,Nick Heidfeld
640,Fernando Alonso,Mick Schumacher
641,Lewis Hamilton,Alexander Wurz
642,Alexander Albon,Kamui Kobayashi
643,Lewis Hamilton,Sergey Sirotkin
644,Yuki Tsunoda,Nicholas Latifi
645,Lewis Hamilton,Damon Hill
646,Esteban Ocon,Sergey Sirotkin
647,George Russell,Jacques Villeneuve
648,Sergio Perez,Stoffel Vandoorne
649,Esteban Ocon,Esteban Gutierrez
650,Lance Stroll,Ralf Schumacher
651,Lewis Hamilton,Jean Alesi
652,Daniel Ricciardo,Jean Alesi
653,Carlos Sainz,Alexander Albon
654,George Russell,Nico Rosberg
655,Sergio Perez,Pastor Maldonado
656,Charles Leclerc,Jarno Trulli
657,Lewis Hamilton,Pietro Fittipaldi
658,Lance Stroll,Jean Alesi
659,Charles Leclerc,Sebastien Buemi
660,Fernando Alonso,Pastor Maldonado
661,Valtteri Bottas,Heinz-Harald Frentzen
662,Daniel Ricciardo,Sebastien Bourdais
663,Daniel Ricciardo,Anthony Davidson
664,Esteban Ocon,Kimi Raikkonen
665,Esteban Ocon,Adrian Sutil
666,Lewis Hamilton,Sebastian Vettel
667,Charles Leclerc,Giancarlo Fisichella
668,Lando Norris,Nick Heidfeld
669,Lewis Hamilton,Esteban Ocon
670,Max Verstappen,Jenson Button
671,Fernando Alonso,Pedro de la Rosa
672,Esteban Ocon,Michael Schumacher
673,Sergio Perez,Jos Verstappen
674,Sergio Perez,Jacques Villeneuve
675,Charles Leclerc,Jerome d'Ambrosio
676,Sergio Perez,Fernando Alonso
677,Charles Leclerc,Jolyon Palmer
678,Charles Leclerc,Alexander Wurz
679,Max Verstappen,Brendon Hartley
680,Esteban Ocon,Yuki Tsunoda
681,Lewis Hamilton,Johnny Herbert
682,Guanyu Zhou,Jenson Button
683,Lance Stroll,Daniel Ricciardo
684,Charles Leclerc,Anthony Davidson
685,Esteban Ocon,Olivier Panis
686,Sergio Perez,Narain Karthikeyan
687,Lance Stroll,Rubens Barrichello
688,Sergio Perez,Michael Schumacher
689,Guanyu Zhou,Nick Heidfeld
690,Charles Leclerc,Felipe Massa
691,Charles Leclerc,Fernando Alonso
692,George Russell,Pastor Maldonado
693,Fernando Alonso,Takuma Sato
694,George Russell,Heinz-Harald Frentzen
695,Valtteri Bottas,David Coulthard
696,Charles Leclerc,Vitaly Petrov
697,Fernando Alonso,Brendon Hartley
698,Sergio Perez,Jolyon Palmer
699,Valtteri Bottas,Martin Brundle
700,Lewis Hamilton,Rubens Barrichello
701,Esteban Ocon,Juan Pablo Montoya
702,Daniel Ricciardo,Jos Verstappen
703,Valtteri Bottas,Nick Heidfeld
704,Fernando Alonso,David Coulthard
705,Valtteri Bottas,Riccardo Patrese
706,George Russell,Giancarlo Fisichella
707,George Russell,Nyck de Vries
708,Lance Stroll,Will Stevens
709,Max Verstappen,Daniil Kvyat
710,Sergio Perez,Anthony Davidson
711,Lewis Hamilton,Kimi Raikkonen
712,Guanyu Zhou,Nicholas Latifi
713,Max Verstappen,Sergey Sirotkin
714,Valtteri Bottas,Karun Chandhok
715,Fernando Alonso,Martin Brundle
716,Fernando Alonso,Narain Karthikeyan
717,Fernando Alonso,Paul di Resta
718,Charles Leclerc,Rubens Barrichello
719,Fernando Alonso,Karun Chandhok
720,Sergio Perez,Nick Heidfeld
721,Charles Leclerc,Esteban Gutierrez
722,Carlos Sainz,Sebastien Bourdais
723,Alexander Albon,Yuki Tsunoda
724,Lance Stroll,Kimi Raikkonen
725,Carlos Sainz,Nicholas Latifi
726,Lance Stroll,Timo Glock
727,George Russell,Vitaly Petrov
728,Daniel Ricciardo,Mark Webber
729,Sergio Perez,Robert Kubica
730,Lewis Hamilton,Anthony Davidson
731,Carlos Sainz,Marcus Ericsson
732,Fernando Alonso,Damon Hill
733,Carlos Sainz,Daniel Ricciardo
734,Valtteri Bottas,Takuma Sato
